,A,C,D,E,F,G,H,I,K,L,M,N,P,Q,R,S,T,V,W,Y,-
Position 1,0.0284401662655874,0.007438197330999781,0.014657624152264275,0.025158608619558084,0.010719754977029096,0.0284401662655874,0.017282870269087727,0.018595493327499452,0.06738131699846861,0.02450229709035222,0.007875738350470356,0.03172172391161671,0.048567053161233865,0.025814920148763947,0.03565959308685189,0.04178516735943995,0.031284182892146135,0.0284401662655874,0.003500328155764603,0.02100196893458762,0.4817326624371035
Position 2,0.007656967840735069,0.0026252461168234523,0.0002187705097352877,0.0013126230584117262,0.0,0.005469262743382192,0.004594180704441042,0.0,0.19164296652811202,0.0004375410194705754,0.0017501640778823015,0.007656967840735069,0.010063443447823233,0.017282870269087727,0.37912929337125356,0.008313279369940932,0.0030627871362940277,0.0004375410194705754,0.0,0.0006563115292058631,0.3576897834171954
Position 3,0.03894115073288121,0.004812951214176329,0.005031721723911617,0.02340844454167578,0.007438197330999781,0.018376722817764167,0.03281557646029315,0.024721067600087507,0.1778604244147889,0.011376066506234959,0.01028221395755852,0.03872238022314592,0.09078976154014438,0.030846641872675565,0.06738131699846861,0.06147451323561584,0.045066725005469266,0.02450229709035222,0.0,0.021439509954058193,0.2647123167796981
Position 4,0.0013126230584117262,0.0013126230584117262,0.0,0.001968934587617589,0.0,0.0004375410194705754,0.002187705097352877,0.0002187705097352877,0.06497484139138045,0.001968934587617589,0.0002187705097352877,0.0017501640778823015,0.001968934587617589,0.005250492233646905,0.6558739881863924,0.0013126230584117262,0.0013126230584117262,0.0,0.0010938525486764385,0.021877050973528767,0.23495952745569898
Position 5,0.017282870269087727,0.005250492233646905,0.002187705097352877,0.0026252461168234523,0.013563771603587836,0.002187705097352877,0.03106541238241085,0.025814920148763947,0.048785823670969154,0.033690658499234305,0.006344344782323342,0.008313279369940932,0.009625902428352658,0.027127543207175673,0.07481951432946839,0.02165828046379348,0.38416101509516515,0.04769197112229272,0.030846641872675565,0.004156639684970466,0.20280026252461167
Position 6,0.0977904178516736,0.015970247210676,0.0006563115292058631,0.004812951214176329,0.009625902428352658,0.0024064756070881644,0.014001312623058412,0.0409100853204988,0.04834828265149858,0.040035003281557645,0.010063443447823233,0.043097790417851674,0.029752789323999124,0.012688689564646685,0.21570772259899365,0.07613213738788012,0.11310435353314373,0.07306935025158609,0.0004375410194705754,0.0037190986654998905,0.14767009407131917
Position 7,0.01793918179829359,0.001968934587617589,0.0002187705097352877,0.0,0.4204769197112229,0.0004375410194705754,0.034128199518704876,0.06584992343032159,0.029534018814263836,0.11660468168890833,0.00940713191861737,0.0004375410194705754,0.03740975716473419,0.0002187705097352877,0.002187705097352877,0.0006563115292058631,0.033471887989499016,0.010063443447823233,0.005250492233646905,0.09910304091008532,0.11463574710129075
Position 8,0.017064099759352438,0.0008750820389411508,0.01903303434697003,0.02450229709035222,0.0004375410194705754,0.009188361408882083,0.0030627871362940277,0.0002187705097352877,0.040035003281557645,0.0056880332531174796,0.0030627871362940277,0.045723036534675125,0.008313279369940932,0.004375410194705754,0.01334500109385255,0.2824327280682564,0.43863487201925183,0.0004375410194705754,0.0002187705097352877,0.0002187705097352877,0.08313279369940932
Position 9,0.08925836797199738,0.002187705097352877,0.06497484139138045,0.07263180923211551,0.0028440166265587398,0.02647123167796981,0.024283526580616933,0.005031721723911617,0.11441697659155546,0.016407788230146575,0.0056880332531174796,0.036315904616057756,0.15554583242178954,0.06672500546926274,0.06497484139138045,0.0903522205206738,0.05644279151170422,0.027783854736381536,0.003937869175235178,0.004812951214176329,0.06891271056661562
Position 10,0.07153795668343907,0.001968934587617589,0.07656967840735068,0.2472106760008751,0.026908772697440384,0.01793918179829359,0.0496609057099103,0.011376066506234959,0.0568803325311748,0.034346970028440164,0.007656967840735069,0.03587836359658718,0.011376066506234959,0.08072631809232116,0.02909647779479326,0.06672500546926274,0.03500328155764603,0.02384598556114636,0.015095165171734851,0.04134762633996937,0.05884926711879239
Position 11,0.03281557646029315,0.0015313935681470138,0.011813607525705535,0.042660249398381096,0.0002187705097352877,0.0008750820389411508,0.009625902428352658,0.015095165171734851,0.008094508860205645,0.005469262743382192,0.0013126230584117262,0.005031721723911617,0.006125574272588055,0.7416320280026253,0.004594180704441042,0.01903303434697003,0.011157295996499672,0.030190330343469702,0.0,0.0015313935681470138,0.05119229927805732
Position 12,0.011594837015970248,0.0026252461168234523,0.0008750820389411508,0.006344344782323342,0.004156639684970466,0.0008750820389411508,0.007656967840735069,0.11485451761102604,0.05316123386567491,0.4060380660686939,0.009844672938087946,0.011813607525705535,0.0004375410194705754,0.016626558739881864,0.08028877707285058,0.02909647779479326,0.06716254648873332,0.12841828921461387,0.0006563115292058631,0.003937869175235178,0.04353533143732225
Position 13,0.09910304091008532,0.007000656311529206,0.0568803325311748,0.14635747101290747,0.016626558739881864,0.019251804856705315,0.029971559833734413,0.011376066506234959,0.09385254867643841,0.07022533362502735,0.01903303434697003,0.045504266024939836,0.01881426383723474,0.11572959964996718,0.08575803981623277,0.05556770947276307,0.037190986654998905,0.027565084226646247,0.0028440166265587398,0.016407788230146575,0.024939838109822796
Position 14,0.11157295996499672,0.004375410194705754,0.0059068037628527675,0.20476919711222927,0.02909647779479326,0.013782542113323124,0.010063443447823233,0.14110697877926057,0.043097790417851674,0.06497484139138045,0.021877050973528767,0.0059068037628527675,0.0008750820389411508,0.040253773791292934,0.057974185079851234,0.026033690658499236,0.0708816451542332,0.12316779698096697,0.0008750820389411508,0.013782542113323124,0.009625902428352658
Position 15,0.0,0.0,0.0,0.0,0.008313279369940932,0.0,0.0,0.0024064756070881644,0.0002187705097352877,0.9402756508422665,0.040035003281557645,0.0,0.0002187705097352877,0.0,0.0,0.0002187705097352877,0.0,0.0015313935681470138,0.0,0.0,0.006781885801793918
Position 16,0.003500328155764603,0.002187705097352877,0.01225114854517611,0.6690002187705097,0.0030627871362940277,0.0015313935681470138,0.01225114854517611,0.010719754977029096,0.08728943338437979,0.014657624152264275,0.009188361408882083,0.040253773791292934,0.0002187705097352877,0.0444104134762634,0.042879019908116385,0.005031721723911617,0.01334500109385255,0.012032378035440822,0.0024064756070881644,0.008313279369940932,0.005469262743382192
Position 17,0.13454386348720193,0.003281557646029315,0.05381754539488077,0.10982279588711441,0.004156639684970466,0.021877050973528767,0.01881426383723474,0.007219426821264493,0.20914460730693502,0.014438853642528986,0.01334500109385255,0.05250492233646904,0.0004375410194705754,0.06781885801793919,0.1352001750164078,0.09822795887114417,0.033690658499234305,0.00940713191861737,0.0004375410194705754,0.006344344782323342,0.005469262743382192
Position 18,0.11419820608182017,0.022095821483264055,0.0015313935681470138,0.15707722598993656,0.06803762852767448,0.0024064756070881644,0.03740975716473419,0.05097352876832203,0.02822139575585211,0.07219426821264494,0.02384598556114636,0.018595493327499452,0.0,0.019470575366440604,0.06234959527455699,0.09188361408882083,0.04419164296652811,0.09341500765696784,0.02340844454167578,0.063880988842704,0.004812951214176329
Position 19,0.003500328155764603,0.0004375410194705754,0.0,0.0,0.7943557208488295,0.0,0.0008750820389411508,0.0013126230584117262,0.0,0.011376066506234959,0.0010938525486764385,0.0,0.0002187705097352877,0.0002187705097352877,0.0002187705097352877,0.0006563115292058631,0.0,0.0006563115292058631,0.0028440166265587398,0.1774228833953183,0.004812951214176329
Position 20,0.09822795887114417,0.011813607525705535,0.04703565959308685,0.15292058630496608,0.006781885801793918,0.0142200831327937,0.048785823670969154,0.0142200831327937,0.12338656749070226,0.0693502515860862,0.01225114854517611,0.06256836578429227,0.0002187705097352877,0.127761977685408,0.07985123605338,0.0656311529205863,0.030846641872675565,0.017501640778823015,0.0008750820389411508,0.01225114854517611,0.003500328155764603
Position 21,0.05250492233646904,0.008969590899146795,0.026908772697440384,0.1354189455261431,0.027783854736381536,0.01225114854517611,0.02734631371691096,0.04244147888864581,0.15248304528549553,0.04812951214176329,0.02100196893458762,0.028658936775322687,0.0004375410194705754,0.10982279588711441,0.12448042003937869,0.05884926711879239,0.05381754539488077,0.04769197112229272,0.0006563115292058631,0.017064099759352438,0.003281557646029315
Position 22,0.0177204112885583,0.06234959527455699,0.06650623495952745,0.051629840297527894,0.008532049879676219,0.024721067600087507,0.04397287245679282,0.008532049879676219,0.04703565959308685,0.006344344782323342,0.006344344782323342,0.2966528112010501,0.0010938525486764385,0.08619558083570335,0.008969590899146795,0.09363377816670312,0.14942025814920148,0.009188361408882083,0.0017501640778823015,0.007438197330999781,0.001968934587617589
Position 23,0.03522205206738132,0.006125574272588055,0.012907460074381974,0.020345657405381756,0.0017501640778823015,0.016626558739881864,0.10282213957558521,0.006781885801793918,0.14241960183767227,0.004812951214176329,0.018157952308028878,0.05884926711879239,0.21395755852111134,0.12163640341281995,0.13038722380223147,0.06256836578429227,0.03303434697002844,0.0059068037628527675,0.001968934587617589,0.0015313935681470138,0.002187705097352877
Position 24,0.005031721723911617,0.006781885801793918,0.003281557646029315,0.0037190986654998905,0.06431852986217458,0.0002187705097352877,0.07569459636840954,0.006344344782323342,0.10851017282870269,0.016407788230146575,0.0030627871362940277,0.051411069787792606,0.0013126230584117262,0.011594837015970248,0.04987967621964559,0.023189674031940496,0.0656311529205863,0.005250492233646905,0.014657624152264275,0.4817326624371035,0.001968934587617589
Position 25,0.0037190986654998905,0.0006563115292058631,0.0002187705097352877,0.0,0.001968934587617589,0.0004375410194705754,0.0004375410194705754,0.05578647998249836,0.0,0.24677313498140452,0.007000656311529206,0.0004375410194705754,0.6440603806606869,0.0002187705097352877,0.0004375410194705754,0.0028440166265587398,0.0013126230584117262,0.029971559833734413,0.0013126230584117262,0.0006563115292058631,0.0017501640778823015
Position 26,0.026033690658499236,0.016626558739881864,0.24458542988405163,0.03872238022314592,0.0002187705097352877,0.0354408225771166,0.005250492233646905,0.001968934587617589,0.024283526580616933,0.004812951214176329,0.0015313935681470138,0.09210238459855612,0.015751476700940712,0.004375410194705754,0.004812951214176329,0.28221395755852113,0.17829796543425946,0.019470575366440604,0.0,0.0017501640778823015,0.0017501640778823015
Position 27,0.09757164734193831,0.0026252461168234523,0.03325311747976373,0.07985123605338,0.01028221395755852,0.04747320061255743,0.016626558739881864,0.05841172609932181,0.08860205644279151,0.03740975716473419,0.013563771603587836,0.015313935681470138,0.09582148326405601,0.042660249398381096,0.1310435353314373,0.07985123605338,0.051411069787792606,0.08466418726755634,0.0024064756070881644,0.00940713191861737,0.0017501640778823015
Position 28,0.1190111572959965,0.004812951214176329,0.06891271056661562,0.16670312841828921,0.040035003281557645,0.023189674031940496,0.020126886895646467,0.015095165171734851,0.09078976154014438,0.03325311747976373,0.007000656311529206,0.033909429008969594,0.0656311529205863,0.08247648217020345,0.04703565959308685,0.07503828483920368,0.05250492233646904,0.02165828046379348,0.003500328155764603,0.02734631371691096,0.001968934587617589
Position 29,0.04769197112229272,0.0024064756070881644,0.07722598993655655,0.2557427258805513,0.003281557646029315,0.003281557646029315,0.00940713191861737,0.02165828046379348,0.05556770947276307,0.0461605775541457,0.03740975716473419,0.007000656311529206,0.0008750820389411508,0.12404287901990811,0.13935681470137826,0.0177204112885583,0.10107197549770292,0.0444104134762634,0.0015313935681470138,0.0026252461168234523,0.0015313935681470138
Position 30,0.007000656311529206,0.012907460074381974,0.0,0.001968934587617589,0.003937869175235178,0.0015313935681470138,0.0013126230584117262,0.1120105009844673,0.15379566834390723,0.06541238241085101,0.025158608619558084,0.0008750820389411508,0.0002187705097352877,0.01881426383723474,0.5309560271275432,0.003281557646029315,0.009625902428352658,0.03500328155764603,0.0010938525486764385,0.0142200831327937,0.0008750820389411508
Position 31,0.08750820389411507,0.012469919054911398,0.05600525049223365,0.2647123167796981,0.008532049879676219,0.01028221395755852,0.014001312623058412,0.048567053161233865,0.09625902428352658,0.06125574272588055,0.024283526580616933,0.022314591992999344,0.0006563115292058631,0.08378910522861518,0.06409975935243929,0.04397287245679282,0.03500328155764603,0.04353533143732225,0.0024064756070881644,0.01903303434697003,0.0013126230584117262
Position 32,0.0693502515860862,0.003937869175235178,0.05316123386567491,0.29271494202581494,0.008750820389411508,0.022314591992999344,0.03500328155764603,0.014438853642528986,0.07985123605338,0.03281557646029315,0.013563771603587836,0.031502953401881424,0.0017501640778823015,0.13169984686064318,0.10063443447823234,0.04922336469043973,0.028002625246116825,0.016407788230146575,0.003500328155764603,0.01050098446729381,0.0008750820389411508
Position 33,0.001968934587617589,0.0010938525486764385,0.0,0.0,0.013563771603587836,0.0002187705097352877,0.0006563115292058631,0.2198643622839641,0.0,0.6862830890395974,0.0266900021877051,0.0,0.0,0.0002187705097352877,0.0,0.0004375410194705754,0.0024064756070881644,0.03522205206738132,0.0004375410194705754,0.009844672938087946,0.0010938525486764385
Position 34,0.6709691533581273,0.013782542113323124,0.0004375410194705754,0.003281557646029315,0.0006563115292058631,0.036753445635528334,0.0008750820389411508,0.008969590899146795,0.0008750820389411508,0.0028440166265587398,0.008313279369940932,0.0008750820389411508,0.0006563115292058631,0.004375410194705754,0.015313935681470138,0.17195362065193612,0.030627871362940276,0.027127543207175673,0.0,0.0006563115292058631,0.0006563115292058631
Position 35,0.1120105009844673,0.005469262743382192,0.04397287245679282,0.12754320717567272,0.0056880332531174796,0.02340844454167578,0.0284401662655874,0.016407788230146575,0.15182673375628966,0.04244147888864581,0.020126886895646467,0.05316123386567491,0.0002187705097352877,0.08378910522861518,0.11944869831546708,0.08094508860205644,0.05075475825858674,0.02931524830452855,0.0008750820389411508,0.003500328155764603,0.0006563115292058631
Position 36,0.07241303872238022,0.004812951214176329,0.033690658499234305,0.19426821264493546,0.004375410194705754,0.009844672938087946,0.015751476700940712,0.02362721505141107,0.14942025814920148,0.042222708378910526,0.023189674031940496,0.02056442791511704,0.0015313935681470138,0.13695033909429008,0.11135418945526143,0.07503828483920368,0.03456574053817545,0.030190330343469702,0.008094508860205645,0.007219426821264493,0.0008750820389411508
Position 37,0.010938525486764383,0.0496609057099103,0.0,0.0006563115292058631,0.014876394661999562,0.0024064756070881644,0.0006563115292058631,0.1067600087508204,0.0002187705097352877,0.535331437322249,0.020126886895646467,0.0024064756070881644,0.0002187705097352877,0.0006563115292058631,0.0004375410194705754,0.015095165171734851,0.17807919492452418,0.05622402100196894,0.0013126230584117262,0.003281557646029315,0.0006563115292058631
Position 38,0.01793918179829359,0.015313935681470138,0.0728505797418508,0.028658936775322687,0.0006563115292058631,0.39181798293590026,0.030846641872675565,0.0002187705097352877,0.08094508860205644,0.0037190986654998905,0.004812951214176329,0.17195362065193612,0.009844672938087946,0.05381754539488077,0.03894115073288121,0.06256836578429227,0.004375410194705754,0.0028440166265587398,0.0026252461168234523,0.003937869175235178,0.0013126230584117262
Position 39,0.003281557646029315,0.008750820389411508,0.0,0.0010938525486764385,0.005250492233646905,0.0002187705097352877,0.0010938525486764385,0.07919492452417413,0.0030627871362940277,0.6795012032378035,0.10413476263399694,0.0,0.0004375410194705754,0.0008750820389411508,0.0030627871362940277,0.0030627871362940277,0.003500328155764603,0.0851017282870269,0.01050098446729381,0.006344344782323342,0.0015313935681470138
Position 40,0.018595493327499452,0.002187705097352877,0.06475607088164516,0.08094508860205644,0.0,0.015313935681470138,0.009625902428352658,0.0017501640778823015,0.036972216145263616,0.005250492233646905,0.0017501640778823015,0.04047254430102822,0.11966746882520236,0.042660249398381096,0.02822139575585211,0.23320936337781667,0.29052723692846205,0.003937869175235178,0.0028440166265587398,0.0,0.0013126230584117262
Position 41,0.030627871362940276,0.001968934587617589,0.05009844672938088,0.3824108510172829,0.015970247210676,0.01881426383723474,0.008313279369940932,0.017282870269087727,0.06344344782323343,0.036534675125793045,0.011376066506234959,0.01312623058411726,0.14832640560052504,0.025814920148763947,0.047910741632028006,0.02559614963902866,0.02931524830452855,0.0496609057099103,0.0013126230584117262,0.020345657405381756,0.0017501640778823015
Position 42,0.08050754758258587,0.0056880332531174796,0.037190986654998905,0.06344344782323343,0.002187705097352877,0.014876394661999562,0.015095165171734851,0.009844672938087946,0.13235615838984904,0.017501640778823015,0.005031721723911617,0.03172172391161671,0.01334500109385255,0.02822139575585211,0.2931524830452855,0.09604025377379129,0.12557427258805512,0.01793918179829359,0.001968934587617589,0.0059068037628527675,0.0024064756070881644
Position 43,0.02165828046379348,0.0015313935681470138,0.01050098446729381,0.0533800043754102,0.0024064756070881644,0.0037190986654998905,0.006781885801793918,0.00656311529205863,0.051411069787792606,0.005469262743382192,0.0006563115292058631,0.042879019908116385,0.0004375410194705754,0.46970028440166267,0.14329468387661343,0.03325311747976373,0.04812951214176329,0.09166484357908554,0.0013126230584117262,0.0026252461168234523,0.0026252461168234523
Position 44,0.004375410194705754,0.0002187705097352877,0.0002187705097352877,0.0006563115292058631,0.0010938525486764385,0.0006563115292058631,0.0,0.3043097790417852,0.0002187705097352877,0.026908772697440384,0.0004375410194705754,0.0002187705097352877,0.0,0.0,0.0004375410194705754,0.0,0.015095165171734851,0.640341281995187,0.0,0.0002187705097352877,0.004594180704441042
Position 45,0.048567053161233865,0.0013126230584117262,0.017282870269087727,0.05469262743382192,0.018595493327499452,0.006781885801793918,0.011813607525705535,0.012032378035440822,0.30540363159046163,0.008750820389411508,0.008750820389411508,0.024939838109822796,0.0006563115292058631,0.2644935462699628,0.0905709910304091,0.0461605775541457,0.031502953401881424,0.02165828046379348,0.003500328155764603,0.016845329249617153,0.0056880332531174796
Position 46,0.015532706191205425,0.0056880332531174796,0.005250492233646905,0.004812951214176329,0.034346970028440164,0.008969590899146795,0.009625902428352658,0.2535550207831984,0.04047254430102822,0.007438197330999781,0.010719754977029096,0.10697877926055567,0.0006563115292058631,0.00656311529205863,0.03959746226208707,0.018376722817764167,0.07197549770290965,0.30977904178516735,0.0010938525486764385,0.027783854736381536,0.02078319842485233
Position 47,0.0,0.0008750820389411508,0.0002187705097352877,0.0,0.018376722817764167,0.0006563115292058631,0.0026252461168234523,0.0004375410194705754,0.0002187705097352877,0.0006563115292058631,0.0,0.0002187705097352877,0.0,0.0,0.0013126230584117262,0.0010938525486764385,0.0006563115292058631,0.0,0.9317436009625902,0.008094508860205645,0.03281557646029315
Position 48,0.0004375410194705754,0.0004375410194705754,0.0,0.0,0.9240866331218551,0.0,0.0004375410194705754,0.0026252461168234523,0.0,0.007000656311529206,0.0002187705097352877,0.0002187705097352877,0.0,0.0004375410194705754,0.0004375410194705754,0.0002187705097352877,0.0,0.003500328155764603,0.0028440166265587398,0.021220739444322904,0.03587836359658718
Position 49,0.02056442791511704,0.04462918398599869,0.003281557646029315,0.012907460074381974,0.002187705097352877,0.01618901772041129,0.012032378035440822,0.005469262743382192,0.09363377816670312,0.004156639684970466,0.012688689564646685,0.011594837015970248,0.0010938525486764385,0.5889302122073944,0.054911397943557205,0.05578647998249836,0.014001312623058412,0.0030627871362940277,0.0006563115292058631,0.004375410194705754,0.03784729818420477
Position 50,0.00656311529205863,0.0008750820389411508,0.022752133012469918,0.019251804856705315,0.0002187705097352877,0.003937869175235178,0.024939838109822796,0.0024064756070881644,0.014657624152264275,0.0030627871362940277,0.0026252461168234523,0.7956683439072413,0.0,0.00656311529205863,0.030409100853204987,0.009844672938087946,0.005031721723911617,0.0026252461168234523,0.0006563115292058631,0.0030627871362940277,0.04484795449573398
Position 51,0.03609713410632247,0.005250492233646905,0.0004375410194705754,0.007219426821264493,0.0002187705097352877,0.0006563115292058631,0.036972216145263616,0.0,0.11244804200393788,0.002187705097352877,0.003937869175235178,0.008313279369940932,0.0002187705097352877,0.04812951214176329,0.6453730037190987,0.009188361408882083,0.028002625246116825,0.0002187705097352877,0.0006563115292058631,0.007219426821264493,0.04725443010282214
Position 52,0.0,0.0013126230584117262,0.0002187705097352877,0.0004375410194705754,0.0,0.0002187705097352877,0.0006563115292058631,0.0,0.03172172391161671,0.008313279369940932,0.0002187705097352877,0.0026252461168234523,0.0002187705097352877,0.0024064756070881644,0.8956464668562678,0.0004375410194705754,0.0002187705097352877,0.0,0.0006563115292058631,0.0006563115292058631,0.05403631590461606
Position 53,0.352876832203019,0.010063443447823233,0.0024064756070881644,0.008094508860205645,0.01028221395755852,0.0017501640778823015,0.004156639684970466,0.015095165171734851,0.017501640778823015,0.016407788230146575,0.09363377816670312,0.04637934806388099,0.0004375410194705754,0.10347845110479108,0.0409100853204988,0.04397287245679282,0.07175672719317436,0.01618901772041129,0.0015313935681470138,0.05600525049223365,0.0870706628746445
Position 54,0.022314591992999344,0.0006563115292058631,0.0015313935681470138,0.008969590899146795,0.0006563115292058631,0.0017501640778823015,0.007438197330999781,0.004594180704441042,0.4847954495733975,0.006125574272588055,0.0026252461168234523,0.012469919054911398,0.0006563115292058631,0.0656311529205863,0.2325530518486108,0.02100196893458762,0.008313279369940932,0.0028440166265587398,0.0006563115292058631,0.0008750820389411508,0.1135418945526143
Position 55,0.04134762633996937,0.024721067600087507,0.09144607306935025,0.11310435353314373,0.028877707285057973,0.00940713191861737,0.029534018814263836,0.027565084226646247,0.015313935681470138,0.06103697221614526,0.033909429008969594,0.011813607525705535,0.0008750820389411508,0.0496609057099103,0.014001312623058412,0.04112885583023408,0.03281557646029315,0.02100196893458762,0.15357689783417194,0.033909429008969594,0.1649529643404069
Position 56,0.0,0.0,0.0,0.0,0.0,0.0,0.0008750820389411508,0.0,0.46970028440166267,0.0,0.0,0.0002187705097352877,0.0,0.005031721723911617,0.3176547801356377,0.0,0.0,0.0,0.0,0.0,0.20651936119011158
Position 57,0.0,0.0,0.0,0.0,0.0,0.0,0.007000656311529206,0.0,0.2574928899584336,0.0,0.0,0.014657624152264275,0.0,0.04484795449573398,0.24217895427696345,0.0,0.0,0.0,0.0,0.0,0.4338219208050755
